<?xml version="1.0" encoding="UTF-8"?>
<project-private xmlns="http://www.netbeans.org/ns/project-private/1">
    <editor-bookmarks xmlns="http://www.netbeans.org/ns/editor-bookmarks/2" lastBookmarkId="0"/>
    <open-files xmlns="http://www.netbeans.org/ns/projectui-open-files/2">
        <group>
            <file>file:/D:/Anik's%20Works/VaccineManagement/src/vaccinemanagement/MainFxmlController.java</file>
            <file>file:/D:/Anik's%20Works/VaccineManagement/src/vaccinemanagement/MainFxml.fxml</file>
            <file>file:/D:/Anik's%20Works/VaccineManagement/src/vaccinemanagement/Homepage_FXMLController.java</file>
            <file>file:/D:/Anik's%20Works/VaccineManagement/src/vaccinemanagement/Vaccine.java</file>
            <file>file:/D:/Anik's%20Works/VaccineManagement/src/vaccinemanagement/Regsister_FXMLController.java</file>
            <file>file:/D:/Anik's%20Works/VaccineManagement/src/vaccinemanagement/Regsister_FXML.fxml</file>
            <file>file:/D:/Anik's%20Works/VaccineManagement/src/vaccinemanagement/VaccineManagement.java</file>
        </group>
    </open-files>
</project-private>
